customer_id,first_name,last_name,email,phone_number,city,signup_date,last_updated_timestamp
1,Daniel,Reed,azimmerman@ramirez-nelson.com,811-724-1080,Tiffanyview,2023-12-25,2025-09-15 15:21:05
2,Jonathan,Hansen,williammiller@serrano-jones.com,632-190-4027x0198,Baldwinburgh,2021-01-23,2025-09-19 20:19:41
3,Samuel,Rodriguez,troy07@carrillo-webb.info,676.094.0716,New Ashley,2025-05-31,2025-09-13 03:45:53
4,Victor,Sanchez,jonthompson@thomas.biz,960-929-2694,Stephanieton,2024-08-31,2025-08-23 00:38:03
5,Sabrina,Black,patricknewman@williams.biz,+1-621-699-9458x79470,South Christopherport,2023-05-18,2025-08-20 16:08:38
6,Melissa,Blair,courtney29@gmail.com,(332)469-2812x91807,East Pamela,2025-09-17,2025-08-24 09:44:20
7,Jacqueline,Williams,robertmoore@gmail.com,7312603248,Fritzmouth,2023-05-29,2025-08-28 19:40:31
8,Christina,Arnold,parkerbridget@yahoo.com,(878)682-1357,North Sarah,2023-09-21,2025-09-06 20:36:02
9,Lisa,Shelton,cody49@johnson.org,9349468560,South Kyleview,2022-12-13,2025-09-08 14:57:58
10,Megan,Dean,vritter@yahoo.com,001-967-061-8100x482,Port Jesse,2023-03-12,2025-09-07 23:05:32
11,Barbara,Anderson,kristen04@hotmail.com,392.066.9676x001,South Stephanieberg,2022-04-28,2025-09-07 03:15:02
12,Laura,Roman,wilsonlaura@lewis.com,+1-648-097-6914x62270,Andrewton,2023-11-10,2025-09-01 23:32:42
13,Melissa,Knight,tabitha21@ferguson.com,619-904-4971x465,Lake Amandaview,2025-09-05,2025-09-10 17:37:27
14,Patricia,Little,middletonjennifer@yahoo.com,(464)974-5556,North Amymouth,2022-03-31,2025-09-14 06:35:22
15,Martin,Roberts,fallen@li.net,138.024.5765x7072,Timothyview,2024-11-16,2025-08-31 01:01:56
16,David,Mcbride,caitlin10@allen-sullivan.info,+1-849-307-9208x527,East Kimberg,2023-10-14,2025-08-25 23:20:01
17,Ian,Rodriguez,jason56@tucker-anderson.net,(014)014-9166,New Tara,2024-05-15,2025-09-07 13:43:20
18,Catherine,Wade,kgibson@smith-wright.com,(542)408-0642x68171,Roseland,2024-09-28,2025-08-20 14:11:27
19,Alexander,Williams,kevinporter@waters.info,544.416.0143x02242,Lawrencebury,2021-03-14,2025-08-20 20:55:48
20,Natalie,Ramos,ssmith@wood.info,915-451-0188x769,Catherinehaven,2020-12-12,2025-09-09 10:07:45
21,Breanna,Roberts,derekmills@yahoo.com,001-155-923-3977,Christopherport,2020-10-24,2025-09-03 10:49:39
22,Angela,Mayer,xbarnes@hotmail.com,301.179.9757x831,New Michaelbury,2024-04-05,2025-09-10 18:01:00
23,Christina,Fowler,sandersmark@hotmail.com,001-744-059-9633x776,Katrinatown,2022-08-20,2025-09-18 06:35:43
24,Jeffrey,Casey,kenneth21@schmitt.com,(784)645-5042x866,Ibarraport,2021-05-06,2025-08-22 20:21:27
25,Darlene,Murray,smithdana@mccarthy.org,3298224429,Smithfort,2024-07-15,2025-09-15 13:19:49
26,Austin,Johnson,davidbennett@gmail.com,657-690-8701x263,Nealton,2024-12-02,2025-09-10 14:54:36
27,Michelle,Golden,calvinhernandez@kelly-brown.com,6042816636,North Zacharyton,2024-09-18,2025-09-20 05:47:16
28,Joseph,Ross,bcollins@baker-smith.com,(657)795-6357x399,Lake Jeremy,2021-08-14,2025-08-22 09:10:27
29,Jacqueline,Perez,christian27@yahoo.com,001-830-447-2407x853,Edwardsland,2025-08-13,2025-09-03 22:14:29
30,Nicholas,Hill,david01@case-welch.com,(703)398-7705x8124,Port Jaclynborough,2022-04-20,2025-08-29 03:18:27
31,Tami,Dickerson,dukemichael@hotmail.com,001-443-990-0748x713,Camachotown,2023-05-11,2025-09-18 15:08:19
32,Claudia,Johnson,elliottstephanie@hayden.net,001-816-438-0045x12489,Ramosbury,2021-01-26,2025-08-31 19:41:05
33,Andrew,Smith,yvalentine@hotmail.com,1921706047,Port Elizabeth,2023-08-18,2025-09-10 15:56:22
34,Chad,Howell,lisa13@gibson.org,669.452.2228,Rebeccaport,2023-10-30,2025-09-06 18:32:57
35,Christopher,Rowe,donna39@williams.net,843.006.6369,Wongburgh,2021-08-17,2025-09-10 08:32:49
36,Eric,Moran,morsejames@cooper.info,041.420.9573x7103,East Gregory,2024-05-08,2025-09-11 20:52:14
37,Steven,Johnson,joshuasimmons@horne.com,001-833-144-8169x308,East Kelseyhaven,2024-08-04,2025-09-06 09:28:47
38,Alison,Ellis,melissa16@gmail.com,001-282-485-8290x7022,East Cynthiabury,2023-02-21,2025-09-19 00:37:01
39,Nathan,Zimmerman,clarkcourtney@hotmail.com,+1-089-449-1703x310,Shariborough,2021-11-20,2025-09-20 08:43:37
40,Haley,Ewing,courtneymaynard@gmail.com,+1-973-783-4122x32960,Jameston,2024-06-02,2025-09-16 08:28:31
41,Zachary,Horton,cglass@gmail.com,+1-978-026-0476x5484,Zimmermanstad,2024-02-18,2025-09-14 04:03:13
42,Justin,Flowers,tiffanydavis@yahoo.com,001-606-054-3917x611,Michaelview,2022-07-31,2025-08-26 17:43:14
43,Meghan,Ibarra,jason48@hotmail.com,979.247.3612,Jessestad,2023-09-28,2025-09-05 15:12:32
44,Joshua,Brown,jonesmichael@may-nash.info,253.796.2825,Julieton,2021-11-21,2025-09-07 05:05:06
45,Kathryn,Barr,alicia67@yahoo.com,158-790-0026x3166,Lake Donaldburgh,2024-02-04,2025-09-05 12:40:03
46,Ashley,Weaver,vpierce@yahoo.com,(170)960-6080x1993,Port Robert,2025-04-19,2025-08-23 09:33:12
47,Taylor,Hayes,erika01@thomas.com,(340)202-3990,Smithfort,2022-08-13,2025-08-31 00:14:56
48,Ashley,Meyer,qwelch@hotmail.com,(831)281-8661,Donfurt,2024-01-25,2025-08-25 13:34:33
49,James,Reed,donnadecker@hotmail.com,+1-684-852-1184,Laurastad,2022-10-15,2025-08-22 15:13:32
50,Alan,Martin,adam97@hotmail.com,+1-216-282-6005,Port Ashleyburgh,2023-07-05,2025-08-28 08:39:55
51,Michele,Anderson,victoria03@burns.com,4667587033,Nicholaston,2024-08-22,2025-08-20 14:34:30
52,Jason,Ortiz,joshua55@duncan.info,001-692-483-1585x81661,North Joshuaville,2025-08-19,2025-09-01 02:57:34
53,Victor,Davis,qhamilton@yahoo.com,(230)739-5814x21724,Baileyberg,2021-12-10,2025-09-13 16:23:20
54,Phillip,Miller,aprilesparza@hotmail.com,0250282605,North Henryland,2025-06-11,2025-08-29 16:00:47
55,Joseph,Mccarthy,ellencooper@yahoo.com,(489)036-9853x187,West Emilytown,2022-10-24,2025-09-18 03:36:23
56,William,Freeman,tina28@yahoo.com,(347)773-1763x0130,West Steventown,2025-07-08,2025-08-21 20:59:09
57,Andrew,Butler,martinezmelanie@gmail.com,1587940682,Port Haileymouth,2024-11-07,2025-08-23 15:24:01
58,Margaret,Lewis,bwright@hunt-frey.org,944.187.6739x14634,Kellyport,2021-09-17,2025-08-31 17:58:31
59,Pamela,Rush,mitchellalan@martinez.info,001-975-383-8080x642,Conleyfort,2021-02-18,2025-08-31 00:23:51
60,Nicholas,Williams,sean09@hotmail.com,001-913-875-2234x36321,North Jonathan,2024-08-07,2025-08-23 11:54:18
61,Jeffery,Nguyen,jameswebster@hotmail.com,+1-504-492-2970x2927,Jennifershire,2020-12-31,2025-09-02 04:32:20
62,Tara,Roberts,michaelsharp@graves.net,969.274.9240,Loganside,2021-02-23,2025-09-03 02:57:01
63,Vanessa,Alvarez,jthomas@lam.com,+1-262-377-1370x0643,Mckenziefurt,2021-05-20,2025-08-27 09:23:10
64,Caitlyn,Rose,barbermichael@sellers.biz,847-256-4033x505,Port Laura,2024-10-30,2025-08-21 21:52:52
65,Jennifer,Williams,darrellsingh@hernandez.com,609.998.2380x007,Lake Anthonymouth,2023-10-05,2025-09-12 04:41:42
66,Tiffany,Smith,armstrongjoy@yahoo.com,324-782-7838x9007,East James,2024-01-08,2025-09-13 14:49:06
67,Jennifer,Klein,rharrison@gmail.com,001-588-531-3755,Browningland,2021-05-05,2025-08-28 23:30:51
68,Marissa,Ramsey,susanlittle@taylor-richards.biz,8251941793,Lake Dannyshire,2021-11-15,2025-09-06 00:14:17
69,Brett,Mcdaniel,lonnie81@wheeler-ferrell.com,6409684040,Lake Katherine,2024-04-18,2025-08-28 20:45:27
70,Richard,Knox,donna07@jones.com,552.245.0080x14131,South Jimmy,2022-01-24,2025-09-04 19:17:45
71,Matthew,Burton,genglish@yahoo.com,884-076-7802x316,Vangfort,2023-08-01,2025-08-29 20:46:52
72,Alyssa,Butler,nguyenjorge@hotmail.com,909-386-6377x9502,East Davidfort,2021-03-15,2025-09-13 20:37:42
73,Cassandra,Smith,ronalddecker@hotmail.com,686-491-6093x45649,Reynoldsstad,2024-04-06,2025-09-03 08:53:32
74,Francisco,Mason,halejeremy@jackson.biz,708-737-9907,East Adam,2024-05-13,2025-09-12 16:05:35
75,Albert,Cooper,jillflores@parrish.net,743-649-3140x62019,West Crystal,2022-07-02,2025-09-02 01:35:51
76,Diamond,Craig,lrobinson@gmail.com,(712)521-1933x252,South Elijah,2022-01-04,2025-09-19 08:31:22
77,Kathleen,Dorsey,melanie89@yahoo.com,+1-598-394-3922x670,Port Amy,2024-03-22,2025-09-12 02:34:34
78,Joshua,Perkins,brucekristina@hotmail.com,(162)365-9634x36052,New Andrea,2024-02-12,2025-08-21 23:47:19
79,Pamela,Gardner,sara21@gmail.com,106.350.8085,Carpenterville,2024-05-26,2025-09-17 01:15:54
80,Toni,Morris,butlerkristen@hotmail.com,001-220-421-4251x3568,North William,2022-09-25,2025-09-01 13:28:35
81,Wendy,Reynolds,nicholewebb@owens.com,903.429.4291,Grayland,2024-03-26,2025-09-07 01:05:57
82,Sabrina,Mason,davisemily@gmail.com,+1-108-684-2976,North Joshua,2023-07-28,2025-09-14 01:04:59
83,Jodi,Miller,sarah79@yahoo.com,(180)906-3833,New John,2024-07-24,2025-09-04 00:31:21
84,James,Robinson,ahines@holmes.com,+1-317-861-5583,Lake Maria,2025-04-30,2025-09-12 21:34:57
85,Michelle,Schmidt,nicholas32@lopez.com,(696)214-0776x38995,New Jessechester,2021-08-11,2025-08-20 13:01:40
86,Tara,Cruz,robinsonbrenda@yahoo.com,611.557.7248x74013,Jillstad,2022-10-09,2025-09-11 21:26:05
87,Joshua,Morris,vestrada@weaver.com,(792)508-2695x693,Lake John,2021-09-04,2025-09-18 22:35:48
88,Julie,Arnold,amandasmith@reid-rasmussen.com,001-982-149-2967x2205,South Dawn,2020-12-20,2025-08-31 10:09:07
89,Evan,Wagner,jaredwells@greer-jones.net,(472)882-7884,Andersenbury,2023-05-14,2025-09-01 03:21:20
90,James,Washington,mavila@hotmail.com,6664662178,Elizabethchester,2023-06-02,2025-09-02 14:34:05
91,Eric,Baker,rthompson@gmail.com,662.385.4431,Amberville,2023-01-01,2025-09-01 08:25:46
92,Susan,Bentley,mistynguyen@yahoo.com,001-556-651-2524x1842,Haysmouth,2020-12-10,2025-09-12 12:24:03
93,Ian,Nelson,nancy69@yahoo.com,753.981.7532x7266,Marieberg,2021-06-18,2025-09-19 09:12:23
94,Donna,Williams,kimberly86@diaz-miller.info,140.365.6932x6722,Jonesburgh,2020-12-16,2025-09-01 21:41:58
95,Julie,Powers,zortega@hotmail.com,871.248.5100x0394,North Laurenton,2022-06-21,2025-08-24 05:15:53
96,Jennifer,Jones,qmartinez@johnson-hood.com,(781)829-4921x71170,Foxtown,2024-04-06,2025-09-20 04:39:00
97,Jasmine,Adams,derrickwhite@mcmillan-torres.com,426.017.7162x360,Port Danielview,2022-11-28,2025-09-19 16:18:39
98,Maria,Davidson,thomastucker@torres.info,001-793-838-1697x324,Brittanyhaven,2023-08-23,2025-09-16 12:06:17
99,Joseph,Turner,schwartzmichael@hotmail.com,001-211-239-3709x94909,New Joseph,2021-06-08,2025-08-29 18:16:56
100,Gary,Barnes,newmanmelanie@flynn-ross.org,001-057-530-2069,North Charlestown,2022-06-22,2025-09-14 22:47:28
101,Stacy,Thomas,hannahwhite@hotmail.com,(888)234-0212x190,Lisachester,2020-09-24,2025-09-10 22:45:30
102,Alan,Rogers,cunninghamjessica@yahoo.com,001-059-131-5078,Harrisbury,2023-07-29,2025-09-19 21:57:29
103,Stephen,Sanders,sherry55@hernandez.com,(125)864-6551x2757,Port Michael,2022-06-18,2025-09-09 06:06:57
104,Duane,Bennett,moralessandy@arnold-robinson.com,001-863-426-7566x120,Lake Kelly,2020-11-07,2025-09-17 02:22:22
105,Jasmin,Patterson,matthewsbenjamin@lloyd.com,877.103.6696x5279,South Wyattfort,2021-04-11,2025-08-25 11:18:42
106,Kara,Williams,tyleryoung@gross.org,411.271.6645x2578,Seanview,2024-01-05,2025-08-25 04:33:25
107,Martin,Williams,brandyphillips@hotmail.com,+1-789-162-5036,Melissabury,2021-06-15,2025-09-14 13:56:22
108,Julian,Bell,yodonnell@gmail.com,679.256.6118,Port Brandon,2024-10-18,2025-09-16 17:58:10
109,Sharon,Reed,zweaver@hotmail.com,001-838-712-2136,Jacquelineside,2021-05-11,2025-09-01 22:46:52
110,Christine,Smith,qevans@hotmail.com,047.526.3467x475,New Susan,2022-06-22,2025-09-19 09:00:30
111,Joseph,Hampton,thomas64@yahoo.com,593-796-3021x8361,New James,2025-07-08,2025-08-26 05:04:41
112,Joshua,Peterson,brandontanner@maldonado-brown.com,(108)891-1686,North Martinfort,2022-03-27,2025-09-11 17:51:51
113,Kari,Bond,amy19@hotmail.com,546-921-8087x99627,North Brittanyshire,2022-12-04,2025-09-08 04:59:57
114,Melissa,Johnson,stewartkevin@reed.com,001-225-555-5198x82023,Port Amandabury,2025-03-29,2025-08-31 20:03:20
115,Thomas,Elliott,hornronald@hall-gutierrez.com,767.288.1452x34310,Gavinfort,2025-01-12,2025-09-02 02:33:28
116,Jennifer,Grimes,parrishrichard@yahoo.com,(450)543-5605,Huntborough,2023-02-03,2025-09-02 22:29:59
117,Christopher,Jones,madison07@mendoza.com,(526)195-4761,West Andrew,2024-10-07,2025-09-01 21:01:28
118,Joshua,Sutton,mosstroy@gmail.com,091.543.6994x2249,Payneshire,2024-04-26,2025-08-27 23:32:46
119,Joshua,Bailey,michaelthornton@raymond-clarke.com,8685503172,East Tonyshire,2021-10-30,2025-08-29 06:52:55
120,Daniel,Coleman,millertammy@howard-johnson.info,966.398.9624x869,South Jessicaville,2020-12-10,2025-09-01 04:47:14
121,Richard,Thompson,norma62@luna.com,001-017-185-8293x666,South Jamestown,2021-12-30,2025-09-13 18:50:00
122,Elizabeth,Jones,williamhicks@hotmail.com,(387)189-6972x098,Zacharyfort,2021-05-03,2025-09-18 19:10:02
123,Austin,Tran,john12@gmail.com,001-625-213-8255x80186,Christinaburgh,2022-09-02,2025-09-13 16:41:24
124,Nathan,Huang,gravessean@yahoo.com,817-097-1845x938,Ferrellshire,2024-10-20,2025-08-22 07:47:50
125,Eugene,Frazier,payneaaron@gray.com,630-294-8304,New Phillipfort,2024-01-19,2025-09-03 02:43:20
126,Richard,Rosales,mark91@hotmail.com,(369)998-2807,Brandiport,2025-07-11,2025-09-18 05:48:52
127,Sylvia,Padilla,elizabethphillips@yahoo.com,091-130-3917,West Jonathan,2021-03-07,2025-08-23 03:08:27
128,Sandra,Cooke,kelly93@yahoo.com,417-958-6160x375,Reyesbury,2023-11-28,2025-08-27 10:20:42
129,Carrie,Russell,jgordon@coleman.com,(435)787-3939x3729,East Suzanneborough,2020-12-24,2025-09-17 05:52:53
130,Elizabeth,Cruz,michaelberry@gmail.com,287.225.2759x9497,Moonland,2023-12-19,2025-08-29 20:39:02
131,Cynthia,Campbell,brookejohnson@smith.info,001-371-400-6463x5506,Williamsberg,2022-02-12,2025-08-29 18:32:39
132,Joseph,Lewis,williamalvarez@gonzales.net,(563)556-2417x8174,South Wayneland,2022-03-02,2025-08-22 09:41:07
133,Sarah,Romero,davidcampos@burgess-smith.com,276-041-0141x32483,Nelsonville,2025-03-02,2025-08-22 12:22:13
134,Kelsey,Wall,hamiltonmelissa@hotmail.com,(322)831-3470x74186,Deanstad,2021-07-14,2025-08-30 01:03:28
135,Stephen,Cruz,cperry@hotmail.com,050-814-6717x862,East Kimberlymouth,2023-11-06,2025-09-19 02:15:55
136,Elizabeth,Larson,ashley96@crawford.com,482.121.1034x747,East Ronaldside,2022-03-12,2025-09-07 05:07:23
137,Lisa,Crawford,bentleywalter@miller-harrell.com,091.757.2570,Port Jefferytown,2025-01-16,2025-08-22 19:16:44
138,Jeremy,Wise,mrose@lawrence.com,5418680269,Cindyberg,2023-08-17,2025-08-31 16:15:15
139,Anthony,Hicks,gonzalesalexander@yahoo.com,(950)210-3420,Aaronville,2025-04-08,2025-09-18 19:54:48
140,Brian,Decker,martinezdebra@hotmail.com,(303)736-0498,Woodtown,2023-06-02,2025-09-19 11:35:04
141,Anita,Lewis,matthew04@olson-sullivan.biz,+1-959-063-8465,East Susan,2024-03-10,2025-08-24 13:40:33
142,Jesse,Hart,jasonfowler@hotmail.com,1983301937,West Nicolefort,2025-06-29,2025-08-24 08:17:28
143,Thomas,Alexander,lovediana@yahoo.com,299-754-1775x1688,Jenniferland,2024-09-30,2025-09-18 22:14:51
144,Maria,Bradley,drakeshawn@reyes-maxwell.com,(524)026-1442x11158,Robinsonport,2025-06-28,2025-09-14 10:14:26
145,Richard,Williams,brian35@hotmail.com,548-546-9991x2695,Port Yvonne,2023-05-25,2025-08-28 14:51:07
146,Olivia,Flores,leslie28@yahoo.com,308-363-7803,Savannahberg,2024-01-24,2025-09-09 10:51:33
147,Miguel,Mcguire,drakeerik@nicholson.com,(096)046-1575x70787,Andrewbury,2024-06-30,2025-09-05 02:47:15
148,Karen,Hill,qthompson@mann.com,+1-224-804-1360,West Derrickview,2025-04-19,2025-09-07 10:21:41
149,Jonathan,Gibson,morgannicole@hotmail.com,001-109-728-3115x822,North Brianberg,2024-04-18,2025-09-09 00:26:15
150,Tina,Carpenter,bowendestiny@marks.com,(274)454-7012x266,Port Corystad,2022-12-25,2025-09-15 15:02:29
151,Angela,Matthews,adam18@kim.biz,001-451-431-2551x08584,North Johnville,2020-11-16,2025-09-14 20:40:53
152,Brett,Chambers,karencameron@yahoo.com,001-863-239-1491x73157,Robertberg,2021-05-09,2025-08-21 04:20:47
153,Brian,Williams,ygreen@campbell-reyes.com,+1-305-455-7696,South Jessicachester,2023-08-20,2025-08-29 10:21:40
154,Jimmy,Clark,petersonashley@gmail.com,041-792-8581x52134,Eileenbury,2025-09-03,2025-09-16 13:01:26
155,Albert,Perez,johnbarajas@rodriguez.com,+1-498-296-6823x0298,Jonathanmouth,2025-06-10,2025-08-23 20:37:01
156,Amanda,Anderson,katherine64@yahoo.com,826.582.7159x0246,North Joshua,2022-08-11,2025-09-16 17:03:29
157,Miranda,Edwards,david67@woods-williams.com,+1-026-462-8529x43636,West Randyview,2024-04-29,2025-08-25 12:25:19
158,Rachel,Smith,kennethlong@clark-smith.com,1262417156,Swansonshire,2024-10-31,2025-08-22 02:39:26
159,Philip,Flynn,tromero@weiss.biz,+1-270-373-5034x9844,North Theresa,2022-12-03,2025-09-14 14:38:26
160,James,Aguirre,lisareese@adams.org,001-419-425-5837x1640,North Calvin,2022-09-03,2025-09-07 16:31:49
161,Michael,Hernandez,ntaylor@hotmail.com,(995)452-9490x17261,North Amandafurt,2023-12-13,2025-09-07 15:40:04
162,Ryan,Nelson,timothywilson@hall-downs.biz,(597)752-3707x9352,New Robertberg,2023-05-21,2025-09-18 11:22:10
163,Donna,Saunders,lisa93@hays.com,001-691-910-2259,Lake Beverly,2021-07-13,2025-09-02 16:37:51
164,Bradley,Clark,kayla54@alvarado.com,001-459-745-7675x5324,Port Martinbury,2022-11-17,2025-09-07 23:51:42
165,Phyllis,Underwood,caseygraham@saunders.com,+1-680-038-5971x325,South Trevor,2023-01-16,2025-09-04 18:18:16
166,Sandra,Erickson,woodrichard@yahoo.com,102-992-6402,Clayhaven,2024-04-20,2025-09-04 08:50:04
167,Jeffrey,Lee,xbenson@oconnor.com,744.244.5980,East Benjamin,2021-04-16,2025-09-01 07:32:52
168,Russell,Pennington,kathleenromero@hotmail.com,8969053692,Greenton,2021-07-31,2025-08-21 20:02:42
169,Amanda,Ellis,sheilaholder@yahoo.com,001-326-447-7228x266,North Johnberg,2023-08-27,2025-09-10 22:50:59
170,Tiffany,Young,timothyreyes@mcdaniel-cuevas.info,+1-252-071-1349x5816,West Ryan,2021-04-18,2025-08-29 03:30:28
171,Kimberly,Ford,joelaustin@yahoo.com,001-965-295-5991x4649,New Ralph,2020-10-15,2025-09-01 02:03:16
172,Stephanie,Ryan,sallyobrien@gmail.com,(790)431-5648x33601,Parkerchester,2025-01-31,2025-09-14 12:11:34
173,James,Castillo,robert01@yahoo.com,+1-890-885-5781x841,Dominguezburgh,2021-04-24,2025-09-06 02:53:58
174,Brandon,Clark,mossbreanna@gmail.com,(263)701-2935x823,Port Maria,2025-01-13,2025-08-23 16:39:05
175,Samantha,Hodge,joseph00@yahoo.com,001-715-206-0866x083,Port Erikashire,2022-03-05,2025-08-22 21:39:06
176,Felicia,Holland,michael29@wiggins-blake.com,+1-753-932-8678x78477,North Scottshire,2025-02-20,2025-09-01 17:49:22
177,Ryan,Andrews,margaretperez@evans-graham.com,149-958-7488x5953,Craigmouth,2024-03-16,2025-08-27 07:17:45
178,Peter,Lopez,melissa38@murphy.com,(150)763-2444x6719,Johnsonstad,2025-08-10,2025-09-02 02:17:02
179,Meghan,Thomas,david61@hernandez-lane.org,+1-499-095-5601,Kennethstad,2021-07-28,2025-08-29 05:17:46
180,Leah,Baker,proberson@hotmail.com,+1-302-646-3846,Kennethfort,2022-11-26,2025-09-06 07:06:24
181,Sarah,Gross,russelljennifer@hotmail.com,457.655.9202x99411,East Rodneyview,2020-10-05,2025-09-06 03:41:48
182,Sophia,Watson,hernandezamy@adkins.com,6714929006,West Jasonmouth,2025-04-17,2025-08-23 23:27:11
183,Rose,Potter,carrollanthony@martinez.biz,687-562-3693,Murphyton,2021-05-15,2025-09-01 13:57:07
184,Rebecca,Carr,peteryang@walker-burton.com,(832)916-1101,Lake Kim,2023-04-07,2025-09-10 09:16:01
185,David,Carroll,hyoung@yahoo.com,(948)728-5315,Amberland,2024-05-05,2025-08-28 14:03:15
186,Mary,Brown,cindyvalenzuela@bass.com,675-881-9586x244,North Jason,2024-09-26,2025-09-10 04:57:55
187,Carrie,Parks,sandrarichard@scott.com,+1-553-134-5608,Carrieside,2021-02-23,2025-08-24 07:05:13
188,Johnathan,Leonard,rhodespamela@hotmail.com,(586)539-0647,Frostview,2025-02-05,2025-08-29 02:41:45
189,Jasmine,Miller,timothythompson@moore.org,2441015703,Jonesstad,2022-04-16,2025-09-02 03:43:10
190,Jonathan,Tran,sarahthompson@robertson.com,944.549.7152x505,Port Joseph,2022-04-14,2025-09-08 20:29:04
191,Christopher,Kim,tyler10@parsons-gomez.com,757-014-4199x75554,Port Michelle,2022-10-31,2025-09-17 10:19:44
192,Shannon,Gallagher,roachrenee@hotmail.com,+1-768-447-8757x233,Alishaland,2024-04-16,2025-08-27 15:21:01
193,Carl,Wilson,curtismitchell@gonzalez.com,001-633-177-7082,Cameronmouth,2024-10-01,2025-08-22 19:40:58
194,Maria,Ramsey,katherineanderson@gmail.com,001-921-539-2623x791,Lake Brandiport,2023-09-12,2025-09-07 17:00:04
195,Francis,Baker,bryan64@harris.net,536-874-7617,New Chloeside,2024-07-25,2025-09-07 03:16:53
196,Emily,Cabrera,ubrown@gmail.com,(352)635-6477x788,Sweeneytown,2021-03-13,2025-09-09 10:12:38
197,Richard,Anderson,aprilkim@gmail.com,722-662-3843x221,Heatherburgh,2024-03-07,2025-09-18 08:14:23
198,Bradley,Dunn,davidperez@hotmail.com,+1-426-033-6141,Aaronside,2023-02-18,2025-09-12 02:27:11
199,Susan,Brown,masonnicholas@yahoo.com,573-864-2777,Saraview,2021-04-18,2025-09-05 17:40:31
200,Jaclyn,Smith,allisonbarnes@yahoo.com,006-073-9277x533,Rebeccamouth,2024-05-04,2025-08-28 13:14:58
